[{
  "status": "OK",
  "copyright": "Copyright (c) 2016 The New York Times Company. All Rights Reserved.",
  "section": "technology",
  "last_updated": "2016-06-21T20:37:33-04:00",
  "num_results": 14,
  "results": [
    {
      "section": "Business Day",
      "subsection": "DealBook",
      "title": "Goodbye, Password. Banks Opt to Scan Fingers and Faces Instead.",
      "abstract": "Frustrated by thieves stealing personal data from millions of customers, banks are investing in biometric technology to offer better security.",
      "url": "http:\/\/www.nytimes.com\/2016\/06\/22\/business\/dealbook\/goodbye-password-banks-opt-to-scan-fingers-and-faces-instead.html",
      "byline": "By MICHAEL CORKERY",
      "item_type": "Article",
      "updated_date": "2016-06-21T15:55:48-04:00",
      "created_date": "2016-06-21T12:29:18-04:00",
      "published_date": "2016-06-22T00:00:00-04:00",
      "material_type_facet": "",
      "kicker": "",
      "des_facet": [
        "Computer Security",
        "Banking and Financial Institutions",
        "Biometrics"
      ],
      "org_facet": [
        "Bank of America Corporation",
        "JPMorgan Chase & Company",
        "Wells Fargo & Company"
      ],
      "per_facet": [],
      "geo_facet": [],
      "multimedia": [
        {
          "url": "https:\/\/static01.nyt.com\/images\/2016\/06\/21\/business\/00DB-BIOMETRICS\/00DB-BIOMETRICS-thumbStandard-v2.jpg",
          "format": "Standard Thumbnail",
          "height": 75,
          "width": 75,
          "type": "image",
          "subtype": "photo",
          "caption": "Secil Watson, the head of wholesale internet solutions at Wells Fargo, using an eye scanner to gain access to her Wells Fargo account.",
          "copyright": "Jason Henry for The New York Times"
        },
        {
          "url": "https:\/\/static01.nyt.com\/images\/2016\/06\/21\/business\/00DB-BIOMETRICS\/00DB-BIOMETRICS-thumbLarge-v2.jpg",
          "format": "thumbLarge",
          "height": 150,
          "width": 150,
          "type": "image",
          "subtype": "photo",
          "caption": "Secil Watson, the head of wholesale internet solutions at Wells Fargo, using an eye scanner to gain access to her Wells Fargo account.",
          "copyright": "Jason Henry for The New York Times"
        },
        {
          "url": "https:\/\/static01.nyt.com\/images\/2016\/06\/21\/business\/00DB-BIOMETRICS\/00DB-BIOMETRICS-articleInline.jpg",
          "format": "Normal",
          "height": 127,
          "width": 190,
          "type": "image",
          "subtype": "photo",
          "caption": "Secil Watson, the head of wholesale internet solutions at Wells Fargo, using an eye scanner to gain access to her Wells Fargo account.",
          "copyright": "Jason Henry for The New York Times"
        },
        {
          "url": "https:\/\/static01.nyt.com\/images\/2016\/06\/21\/business\/00DB-BIOMETRICS\/00DB-BIOMETRICS-mediumThreeByTwo210.jpg",
          "format": "mediumThreeByTwo210",
          "height": 140,
          "width": 210,
          "type": "image",
          "subtype": "photo",
          "caption": "Secil Watson, the head of wholesale internet solutions at Wells Fargo, using an eye scanner to gain access to her Wells Fargo account.",
          "copyright": "Jason Henry for The New York Times"
        },
        {
          "url": "https:\/\/static01.nyt.com\/images\/2016\/06\/21\/business\/00DB-BIOMETRICS\/00DB-BIOMETRICS-superJumbo.jpg",
          "format": "superJumbo",
          "height": 1365,
          "width": 2048,
          "type": "image",
          "subtype": "photo",
          "caption": "Secil Watson, the head of wholesale internet solutions at Wells Fargo, using an eye scanner to gain access to her Wells Fargo account.",
          "copyright": "Jason Henry for The New York Times"
        }
      ],
      "short_url": "http:\/\/nyti.ms\/28M0Ii1"
    },
    {
      "section": "Technology",
      "subsection": "",
      "title": "F.A.A. Issues Commercial Drone Rules",
      "abstract": "Previously, companies had to apply for special permission to operate drones. Now a range of businesses may use drones under 55 pounds, but not for package delivery.",
      "url": "http:\/\/www.nytimes.com\/2016\/06\/22\/technology\/drone-rules-commercial-use-faa.html",
      "byline": "By CECILIA KANG",
      "item_type": "Article",
      "updated_date": "2016-06-21T15:27:25-04:00",
      "created_date": "2016-06-21T11:50:25-04:00",
      "published_date": "2016-06-22T00:00:00-04:00",
      "material_type_facet": "",
      "kicker": "",
      "des_facet": [
        "Delivery Services",
        "Disasters and Emergencies",
        "Photography"
      ],
      "org_facet": [
        "Federal Aviation Administration"
      ],
      "per_facet": [
        "Huerta, Michael P"
      ],
      "geo_facet": [],
      "multimedia": [
        {
          "url": "https:\/\/static01.nyt.com\/images\/2016\/06\/22\/business\/22DRONE-1\/22DRONE-1-thumbStandard.jpg",
          "format": "Standard Thumbnail",
          "height": 75,
          "width": 75,
          "type": "image",
          "subtype": "photo",
          "caption": "The Federal Aviation Administration\u2019s new commercial drone rules allow a range of businesses to use drones under 55 pounds, but not for package delivery.",
          "copyright": "Michael Ciaglo for The New York Times"
        },
        {
          "url": "https:\/\/static01.nyt.com\/images\/2016\/06\/22\/business\/22DRONE-1\/22DRONE-1-thumbLarge.jpg",
          "format": "thumbLarge",
          "height": 150,
          "width": 150,
          "type": "image",
          "subtype": "photo",
          "caption": "The Federal Aviation Administration\u2019s new commercial drone rules allow a range of businesses to use drones under 55 pounds, but not for package delivery.",
          "copyright": "Michael Ciaglo for The New York Times"
        },
        {
          "url": "https:\/\/static01.nyt.com\/images\/2016\/06\/22\/business\/22DRONE-1\/22DRONE-1-articleInline.jpg",
          "format": "Normal",
          "height": 127,
          "width": 190,
          "type": "image",
          "subtype": "photo",
          "caption": "The Federal Aviation Administration\u2019s new commercial drone rules allow a range of businesses to use drones under 55 pounds, but not for package delivery.",
          "copyright": "Michael Ciaglo for The New York Times"
        },
        {
          "url": "https:\/\/static01.nyt.com\/images\/2016\/06\/22\/business\/22DRONE-1\/22DRONE-1-mediumThreeByTwo210.jpg",
          "format": "mediumThreeByTwo210",
          "height": 140,
          "width": 210,
          "type": "image",
          "subtype": "photo",
          "caption": "The Federal Aviation Administration\u2019s new commercial drone rules allow a range of businesses to use drones under 55 pounds, but not for package delivery.",
          "copyright": "Michael Ciaglo for The New York Times"
        },
        {
          "url": "https:\/\/static01.nyt.com\/images\/2016\/06\/22\/business\/22DRONE-1\/22DRONE-1-superJumbo.jpg",
          "format": "superJumbo",
          "height": 1365,
          "width": 2048,
          "type": "image",
          "subtype": "photo",
          "caption": "The Federal Aviation Administration\u2019s new commercial drone rules allow a range of businesses to use drones under 55 pounds, but not for package delivery.",
          "copyright": "Michael Ciaglo for The New York Times"
        }
      ],
      "short_url": "http:\/\/nyti.ms\/28LTfQ1"
    },
    {
      "section": "Business Day",
      "subsection": "DealBook",
      "title": "Tencent Bids for Gaming Empire in Deal for Developer of Clash of Clans",
      "abstract": "The Chinese internet giant agreed to pay $8.6 billion agreement for a controlling stake in Supercell, a Finnish game maker.",
      "url": "http:\/\/www.nytimes.com\/2016\/06\/22\/business\/dealbook\/tencent-softcell-softbank-deal.html",
      "byline": "By PAUL MOZUR and MARK SCOTT",
      "item_type": "Article",
      "updated_date": "2016-06-21T12:04:45-04:00",
      "created_date": "2016-06-21T12:04:47-04:00",
      "published_date": "2016-06-22T00:00:00-04:00",
      "material_type_facet": "",
      "kicker": "",
      "des_facet": [
        "Mobile Applications",
        "Computer and Video Games",
        "Mergers, Acquisitions and Divestitures"
      ],
      "org_facet": [
        "Supercell",
        "Tencent Holdings Ltd"
      ],
      "per_facet": [],
      "geo_facet": [],
      "multimedia": [
        {
          "url": "https:\/\/static01.nyt.com\/images\/2016\/06\/22\/business\/22DB-CLASH1\/22DB-CLASH1-thumbStandard.jpg",
          "format": "Standard Thumbnail",
          "height": 75,
          "width": 75,
          "type": "image",
          "subtype": "photo",
          "caption": "Barbarian, a character in the video game Clash of Clans.",
          "copyright": "Supercell"
        },
        {
          "url": "https:\/\/static01.nyt.com\/images\/2016\/06\/22\/business\/22DB-CLASH1\/22DB-CLASH1-thumbLarge.jpg",
          "format": "thumbLarge",
          "height": 150,
          "width": 150,
          "type": "image",
          "subtype": "photo",
          "caption": "Barbarian, a character in the video game Clash of Clans.",
          "copyright": "Supercell"
        },
        {
          "url": "https:\/\/static01.nyt.com\/images\/2016\/06\/22\/business\/22DB-CLASH1\/22DB-CLASH1-articleInline.jpg",
          "format": "Normal",
          "height": 178,
          "width": 190,
          "type": "image",
          "subtype": "photo",
          "caption": "Barbarian, a character in the video game Clash of Clans.",
          "copyright": "Supercell"
        },
        {
          "url": "https:\/\/static01.nyt.com\/images\/2016\/06\/22\/business\/22DB-CLASH1\/22DB-CLASH1-mediumThreeByTwo210-v2.jpg",
          "format": "mediumThreeByTwo210",
          "height": 140,
          "width": 210,
          "type": "image",
          "subtype": "photo",
          "caption": "Barbarian, a character in the video game Clash of Clans.",
          "copyright": "Supercell"
        },
        {
          "url": "https:\/\/static01.nyt.com\/images\/2016\/06\/22\/business\/22DB-CLASH1\/22DB-CLASH1-superJumbo.jpg",
          "format": "superJumbo",
          "height": 1914,
          "width": 2048,
          "type": "image",
          "subtype": "photo",
          "caption": "Barbarian, a character in the video game Clash of Clans.",
          "copyright": "Supercell"
        }
      ],
      "short_url": "http:\/\/nyti.ms\/28LVUJE"
    },
    {
      "section": "Business Day",
      "subsection": "DealBook",
      "title": "Elon Musk Aims to Shore Up SolarCity by Having Tesla Buy It",
      "abstract": "The entrepreneur argues a \u201csustainable energy company\u201d comprising the two ventures makes sense, but investors may take some convincing.",
      "url": "http:\/\/www.nytimes.com\/2016\/06\/22\/business\/dealbook\/tesla-solarcity-elon-musk.html",
      "byline": "By MICHAEL J. de la MERCED and PETER EAVIS",
      "item_type": "Article",
      "updated_date": "2016-06-21T20:19:22-04:00",
      "created_date": "2016-06-21T20:19:21-04:00",
      "published_date": "2016-06-22T00:00:00-04:00",
      "material_type_facet": "",
      "kicker": "",
      "des_facet": [
        "Mergers, Acquisitions and Divestitures"
      ],
      "org_facet": [
        "Tesla Motors Inc",
        "SolarCity Inc"
      ],
      "per_facet": [
        "Musk, Elon"
      ],
      "geo_facet": [],
      "multimedia": [
        {
          "url": "https:\/\/static01.nyt.com\/images\/2016\/06\/21\/business\/dealbook\/tesla-solarcity-stock-chart-1466549708314\/tesla-solarcity-stock-chart-1466549708314-thumbStandard.png",
          "format": "Standard Thumbnail",
          "height": 75,
          "width": 75,
          "type": "image",
          "subtype": "photo",
          "caption": "",
          "copyright": ""
        },
        {
          "url": "https:\/\/static01.nyt.com\/images\/2016\/06\/21\/business\/dealbook\/tesla-solarcity-stock-chart-1466549708314\/tesla-solarcity-stock-chart-1466549708314-articleInline.png",
          "format": "Normal",
          "height": 89,
          "width": 190,
          "type": "image",
          "subtype": "photo",
          "caption": "",
          "copyright": ""
        },
        {
          "url": "https:\/\/static01.nyt.com\/images\/2016\/06\/21\/business\/dealbook\/tesla-solarcity-stock-chart-1466549708314\/tesla-solarcity-stock-chart-1466549708314-mediumThreeByTwo210.png",
          "format": "mediumThreeByTwo210",
          "height": 140,
          "width": 210,
          "type": "image",
          "subtype": "photo",
          "caption": "",
          "copyright": ""
        },
        {
          "url": "https:\/\/static01.nyt.com\/images\/2016\/06\/21\/business\/dealbook\/tesla-solarcity-stock-chart-1466549708314\/tesla-solarcity-stock-chart-1466549708314-superJumbo.png",
          "format": "superJumbo",
          "height": 280,
          "width": 600,
          "type": "image",
          "subtype": "photo",
          "caption": "",
          "copyright": ""
        }
      ],
      "short_url": "http:\/\/nyti.ms\/28L7HVe"
    },
    {
      "section": "World",
      "subsection": "",
      "title": "I Sea, App That Claims It Can Find Migrants Adrift in Ocean, Is Called Misleading",
      "abstract": "Developers say that the app is nothing but a marketing stunt because it showed users a static image of water, not real-time satellite photos of the ocean.",
      "url": "http:\/\/www.nytimes.com\/2016\/06\/22\/world\/i-sea-app-that-claims-it-can-find-migrants-adrift-in-ocean-is-called-misleading.html",
      "byline": "By KATIE ROGERS",
      "item_type": "Article",
      "updated_date": "2016-06-21T11:46:35-04:00",
      "created_date": "2016-06-21T11:46:37-04:00",
      "published_date": "2016-06-22T00:00:00-04:00",
      "material_type_facet": "",
      "kicker": "",
      "des_facet": [
        "Mobile Applications",
        "Refugees and Displaced Persons",
        "I Sea"
      ],
      "org_facet": [
        "Grey Group",
        "Apple Inc"
      ],
      "per_facet": [],
      "geo_facet": [],
      "multimedia": [
        {
          "url": "https:\/\/static01.nyt.com\/images\/2016\/06\/21\/world\/22xp-seaapp2\/22xp-seaapp2-thumbStandard.jpg",
          "format": "Standard Thumbnail",
          "height": 75,
          "width": 75,
          "type": "image",
          "subtype": "photo",
          "caption": "A crowded inflatable boat with Syrian refugees drifted in the Aegean Sea between Turkey and Greece in August.",
          "copyright": "Yannis Behrakis\/Reuters"
        },
        {
          "url": "https:\/\/static01.nyt.com\/images\/2016\/06\/21\/world\/22xp-seaapp2\/22xp-seaapp2-thumbLarge.jpg",
          "format": "thumbLarge",
          "height": 150,
          "width": 150,
          "type": "image",
          "subtype": "photo",
          "caption": "A crowded inflatable boat with Syrian refugees drifted in the Aegean Sea between Turkey and Greece in August.",
          "copyright": "Yannis Behrakis\/Reuters"
        },
        {
          "url": "https:\/\/static01.nyt.com\/images\/2016\/06\/21\/world\/22xp-seaapp2\/22xp-seaapp2-articleInline.jpg",
          "format": "Normal",
          "height": 127,
          "width": 190,
          "type": "image",
          "subtype": "photo",
          "caption": "A crowded inflatable boat with Syrian refugees drifted in the Aegean Sea between Turkey and Greece in August.",
          "copyright": "Yannis Behrakis\/Reuters"
        },
        {
          "url": "https:\/\/static01.nyt.com\/images\/2016\/06\/21\/world\/22xp-seaapp2\/22xp-seaapp2-mediumThreeByTwo210.jpg",
          "format": "mediumThreeByTwo210",
          "height": 140,
          "width": 210,
          "type": "image",
          "subtype": "photo",
          "caption": "A crowded inflatable boat with Syrian refugees drifted in the Aegean Sea between Turkey and Greece in August.",
          "copyright": "Yannis Behrakis\/Reuters"
        },
        {
          "url": "https:\/\/static01.nyt.com\/images\/2016\/06\/21\/world\/22xp-seaapp2\/22xp-seaapp2-superJumbo.jpg",
          "format": "superJumbo",
          "height": 1365,
          "width": 2048,
          "type": "image",
          "subtype": "photo",
          "caption": "A crowded inflatable boat with Syrian refugees drifted in the Aegean Sea between Turkey and Greece in August.",
          "copyright": "Yannis Behrakis\/Reuters"
        }
      ],
      "short_url": "http:\/\/nyti.ms\/28LSpTp"
    },
    {
      "section": "Technology",
      "subsection": "Personal Tech",
      "title": "Moving Money by Messenger",
      "abstract": "In addition to its chat powers, Facebook Messenger can send payments to friends once everyone\u2019s debit cards are linked to the service.",
      "url": "http:\/\/www.nytimes.com\/2016\/06\/22\/technology\/personaltech\/moving-money-by-messenger.html",
      "byline": "By J. D. BIERSDORFER",
      "item_type": "Article",
      "updated_date": "2016-06-21T11:10:34-04:00",
      "created_date": "2016-06-21T11:10:34-04:00",
      "published_date": "2016-06-22T00:00:00-04:00",
      "material_type_facet": "",
      "kicker": "",
      "des_facet": [
        "Mobile Commerce and Payments"
      ],
      "org_facet": [
        "Facebook Inc"
      ],
      "per_facet": [],
      "geo_facet": [],
      "multimedia": [],
      "short_url": "http:\/\/nyti.ms\/28JZEb5"
    },
    {
      "section": "Technology",
      "subsection": "",
      "title": "Daily Report: China Has the World\u2019s Most Powerful Computer (Again)",
      "abstract": "Should America worry? It\u2019s not great news, but it\u2019s only part of the overall picture in the race to things like artificial intelligence.",
      "url": "http:\/\/www.nytimes.com\/2016\/06\/22\/technology\/daily-report-china-has-the-worlds-most-powerful-computer-again.html",
      "byline": "By QUENTIN HARDY",
      "item_type": "Article",
      "updated_date": "2016-06-21T11:08:57-04:00",
      "created_date": "2016-06-21T11:08:57-04:00",
      "published_date": "2016-06-22T00:00:00-04:00",
      "material_type_facet": "",
      "kicker": "",
      "des_facet": [
        "Computer Chips",
        "Supercomputers",
        "Artificial Intelligence"
      ],
      "org_facet": [],
      "per_facet": [],
      "geo_facet": [
        "China"
      ],
      "multimedia": [
        {
          "url": "https:\/\/static01.nyt.com\/images\/2011\/11\/30\/technology\/bits-daily-report\/bits-daily-report-thumbStandard-v5.png",
          "format": "Standard Thumbnail",
          "height": 75,
          "width": 75,
          "type": "image",
          "subtype": "photo",
          "caption": "",
          "copyright": ""
        },
        {
          "url": "https:\/\/static01.nyt.com\/images\/2011\/11\/30\/technology\/bits-daily-report\/bits-daily-report-thumbLarge-v5.png",
          "format": "thumbLarge",
          "height": 150,
          "width": 150,
          "type": "image",
          "subtype": "photo",
          "caption": "",
          "copyright": ""
        },
        {
          "url": "https:\/\/static01.nyt.com\/images\/2011\/11\/30\/technology\/bits-daily-report\/bits-daily-report-articleInline-v5.png",
          "format": "Normal",
          "height": 126,
          "width": 190,
          "type": "image",
          "subtype": "photo",
          "caption": "",
          "copyright": ""
        },
        {
          "url": "https:\/\/static01.nyt.com\/images\/2011\/11\/30\/technology\/bits-daily-report\/bits-daily-report-mediumThreeByTwo210-v4.png",
          "format": "mediumThreeByTwo210",
          "height": 140,
          "width": 210,
          "type": "image",
          "subtype": "photo",
          "caption": "",
          "copyright": ""
        },
        {
          "url": "https:\/\/static01.nyt.com\/images\/2011\/11\/30\/technology\/bits-daily-report\/bits-daily-report-superJumbo-v3.png",
          "format": "superJumbo",
          "height": 400,
          "width": 600,
          "type": "image",
          "subtype": "photo",
          "caption": "",
          "copyright": ""
        }
      ],
      "short_url": "http:\/\/nyti.ms\/28LLEB6"
    },
    {
      "section": "Business Day",
      "subsection": "Media",
      "title": "A Conversation With Cablevision\u2019s New Owner",
      "abstract": "In an interview, Dexter Goei, chief executive of Altice U.S.A., talks about the company\u2019s goals for its new operations.",
      "url": "http:\/\/www.nytimes.com\/2016\/06\/22\/business\/media\/a-conversation-with-cablevisions-new-owner.html",
      "byline": "By CECILIA KANG",
      "item_type": "Article",
      "updated_date": "2016-06-21T09:20:35-04:00",
      "created_date": "2016-06-21T09:20:37-04:00",
      "published_date": "2016-06-22T00:00:00-04:00",
      "material_type_facet": "",
      "kicker": "",
      "des_facet": [
        "Mergers, Acquisitions and Divestitures"
      ],
      "org_facet": [
        "Altice SA",
        "Cablevision Systems Corporation"
      ],
      "per_facet": [
        "Dexter Goei"
      ],
      "geo_facet": [],
      "multimedia": [
        {
          "url": "https:\/\/static01.nyt.com\/images\/2016\/06\/22\/business\/22altice1\/22altice1-thumbStandard.jpg",
          "format": "Standard Thumbnail",
          "height": 75,
          "width": 75,
          "type": "image",
          "subtype": "photo",
          "caption": "Dexter Goei, chairman and chief executive of Altice U.S.A.: \u201cWe are in the business of getting larger.\u201d",
          "copyright": "Jacques Brinon\/Associated Press"
        },
        {
          "url": "https:\/\/static01.nyt.com\/images\/2016\/06\/22\/business\/22altice1\/22altice1-thumbLarge.jpg",
          "format": "thumbLarge",
          "height": 150,
          "width": 150,
          "type": "image",
          "subtype": "photo",
          "caption": "Dexter Goei, chairman and chief executive of Altice U.S.A.: \u201cWe are in the business of getting larger.\u201d",
          "copyright": "Jacques Brinon\/Associated Press"
        },
        {
          "url": "https:\/\/static01.nyt.com\/images\/2016\/06\/22\/business\/22altice1\/22altice1-articleInline.jpg",
          "format": "Normal",
          "height": 264,
          "width": 190,
          "type": "image",
          "subtype": "photo",
          "caption": "Dexter Goei, chairman and chief executive of Altice U.S.A.: \u201cWe are in the business of getting larger.\u201d",
          "copyright": "Jacques Brinon\/Associated Press"
        },
        {
          "url": "https:\/\/static01.nyt.com\/images\/2016\/06\/22\/business\/22altice1\/22altice1-mediumThreeByTwo210.jpg",
          "format": "mediumThreeByTwo210",
          "height": 140,
          "width": 210,
          "type": "image",
          "subtype": "photo",
          "caption": "Dexter Goei, chairman and chief executive of Altice U.S.A.: \u201cWe are in the business of getting larger.\u201d",
          "copyright": "Jacques Brinon\/Associated Press"
        },
        {
          "url": "https:\/\/static01.nyt.com\/images\/2016\/06\/22\/business\/22altice1\/22altice1-superJumbo.jpg",
          "format": "superJumbo",
          "height": 2048,
          "width": 1474,
          "type": "image",
          "subtype": "photo",
          "caption": "Dexter Goei, chairman and chief executive of Altice U.S.A.: \u201cWe are in the business of getting larger.\u201d",
          "copyright": "Jacques Brinon\/Associated Press"
        }
      ],
      "short_url": "http:\/\/nyti.ms\/28LtIqf"
    },
    {
      "section": "Business Day",
      "subsection": "DealBook",
      "title": "SoftBank President Nikesh Arora Plans to Step Down",
      "abstract": "Nikesh Arora, a former Google executive, disagreed with the Japanese technology conglomerate\u2019s chairman on when Mr. Arora might take over.",
      "url": "http:\/\/www.nytimes.com\/2016\/06\/22\/business\/dealbook\/softbank-president-nikesh-arora-departure.html",
      "byline": "By JONATHAN SOBLE and MICHAEL J. de la MERCED",
      "item_type": "Article",
      "updated_date": "2016-06-21T17:44:31-04:00",
      "created_date": "2016-06-21T08:36:08-04:00",
      "published_date": "2016-06-22T00:00:00-04:00",
      "material_type_facet": "",
      "kicker": "",
      "des_facet": [
        "Appointments and Executive Changes"
      ],
      "org_facet": [
        "SOFTBANK Corporation"
      ],
      "per_facet": [],
      "geo_facet": [
        "Japan"
      ],
      "multimedia": [
        {
          "url": "https:\/\/static01.nyt.com\/images\/2016\/06\/22\/business\/22db-softbank1\/22db-softbank1-thumbStandard.jpg",
          "format": "Standard Thumbnail",
          "height": 75,
          "width": 75,
          "type": "image",
          "subtype": "photo",
          "caption": "SoftBank\u2019s chief executive, Masayoshi Son, stands before a screen showing Nikesh Arora. A disagreement between the two led to Mr. Arora\u2019s departure from the company.",
          "copyright": "Yuya Shino\/Reuters"
        },
        {
          "url": "https:\/\/static01.nyt.com\/images\/2016\/06\/22\/business\/22db-softbank1\/22db-softbank1-thumbLarge.jpg",
          "format": "thumbLarge",
          "height": 150,
          "width": 150,
          "type": "image",
          "subtype": "photo",
          "caption": "SoftBank\u2019s chief executive, Masayoshi Son, stands before a screen showing Nikesh Arora. A disagreement between the two led to Mr. Arora\u2019s departure from the company.",
          "copyright": "Yuya Shino\/Reuters"
        },
        {
          "url": "https:\/\/static01.nyt.com\/images\/2016\/06\/22\/business\/22db-softbank1\/22db-softbank1-articleInline.jpg",
          "format": "Normal",
          "height": 107,
          "width": 190,
          "type": "image",
          "subtype": "photo",
          "caption": "SoftBank\u2019s chief executive, Masayoshi Son, stands before a screen showing Nikesh Arora. A disagreement between the two led to Mr. Arora\u2019s departure from the company.",
          "copyright": "Yuya Shino\/Reuters"
        },
        {
          "url": "https:\/\/static01.nyt.com\/images\/2016\/06\/22\/business\/22db-softbank1\/22db-softbank1-mediumThreeByTwo210.jpg",
          "format": "mediumThreeByTwo210",
          "height": 140,
          "width": 210,
          "type": "image",
          "subtype": "photo",
          "caption": "SoftBank\u2019s chief executive, Masayoshi Son, stands before a screen showing Nikesh Arora. A disagreement between the two led to Mr. Arora\u2019s departure from the company.",
          "copyright": "Yuya Shino\/Reuters"
        },
        {
          "url": "https:\/\/static01.nyt.com\/images\/2016\/06\/22\/business\/22db-softbank1\/22db-softbank1-superJumbo.jpg",
          "format": "superJumbo",
          "height": 1155,
          "width": 2048,
          "type": "image",
          "subtype": "photo",
          "caption": "SoftBank\u2019s chief executive, Masayoshi Son, stands before a screen showing Nikesh Arora. A disagreement between the two led to Mr. Arora\u2019s departure from the company.",
          "copyright": "Yuya Shino\/Reuters"
        }
      ],
      "short_url": "http:\/\/nyti.ms\/28JJgaO"
    },
    {
      "section": "Travel",
      "subsection": "",
      "title": "As Airbnb Grows, So Do Claims of Discrimination",
      "abstract": "Some black travelers are decrying racist experiences with the home-sharing service, giving birth to the social media campaign #AirbnbWhileBlack.",
      "url": "http:\/\/www.nytimes.com\/2016\/06\/26\/travel\/airbnb-discrimination-lawsuit.html",
      "byline": "By ELAINE GLUSAC",
      "item_type": "Article",
      "updated_date": "2016-06-21T07:58:49-04:00",
      "created_date": "2016-06-21T07:58:51-04:00",
      "published_date": "2016-06-26T00:00:00-04:00",
      "material_type_facet": "",
      "kicker": "",
      "des_facet": [
        "Travel and Vacations",
        "Discrimination",
        "Civil Rights and Liberties"
      ],
      "org_facet": [
        "Airbnb",
        "American Civil Liberties Union"
      ],
      "per_facet": [],
      "geo_facet": [
        "United States"
      ],
      "multimedia": [
        {
          "url": "https:\/\/static01.nyt.com\/images\/2016\/06\/26\/travel\/26Air-BnB-Essay\/26Air-BnB-Essay-thumbStandard.jpg",
          "format": "Standard Thumbnail",
          "height": 75,
          "width": 75,
          "type": "image",
          "subtype": "photo",
          "caption": "",
          "copyright": "Yvetta Fedorova"
        },
        {
          "url": "https:\/\/static01.nyt.com\/images\/2016\/06\/26\/travel\/26Air-BnB-Essay\/26Air-BnB-Essay-thumbLarge.jpg",
          "format": "thumbLarge",
          "height": 150,
          "width": 150,
          "type": "image",
          "subtype": "photo",
          "caption": "",
          "copyright": "Yvetta Fedorova"
        },
        {
          "url": "https:\/\/static01.nyt.com\/images\/2016\/06\/26\/travel\/26Air-BnB-Essay\/26Air-BnB-Essay-articleInline.jpg",
          "format": "Normal",
          "height": 116,
          "width": 190,
          "type": "image",
          "subtype": "photo",
          "caption": "",
          "copyright": "Yvetta Fedorova"
        },
        {
          "url": "https:\/\/static01.nyt.com\/images\/2016\/06\/26\/travel\/26Air-BnB-Essay\/26Air-BnB-Essay-mediumThreeByTwo210.jpg",
          "format": "mediumThreeByTwo210",
          "height": 140,
          "width": 210,
          "type": "image",
          "subtype": "photo",
          "caption": "",
          "copyright": "Yvetta Fedorova"
        },
        {
          "url": "https:\/\/static01.nyt.com\/images\/2016\/06\/26\/travel\/26Air-BnB-Essay\/26Air-BnB-Essay-superJumbo.jpg",
          "format": "superJumbo",
          "height": 1200,
          "width": 1964,
          "type": "image",
          "subtype": "photo",
          "caption": "",
          "copyright": "Yvetta Fedorova"
        }
      ],
      "short_url": "http:\/\/nyti.ms\/28Lh0aT"
    },
    {
      "section": "Magazine",
      "subsection": "",
      "title": "How an Archive of the Internet Could Change History",
      "abstract": "Preserving online media is a growing logistical and ethical question. But doing so may completely transform the way we remember the past.",
      "url": "http:\/\/www.nytimes.com\/2016\/06\/26\/magazine\/how-an-archive-of-the-internet-could-change-history.html",
      "byline": "By JENNA WORTHAM",
      "item_type": "Article",
      "updated_date": "2016-06-21T07:00:01-04:00",
      "created_date": "2016-06-21T07:00:00-04:00",
      "published_date": "2016-06-26T00:00:00-04:00",
      "material_type_facet": "",
      "kicker": "",
      "des_facet": [
        "Computers and the Internet",
        "Social Media",
        "History (Academic Subject)",
        "Archives and Records"
      ],
      "org_facet": [
        "Wikipedia",
        "Rhizome",
        "Twitter",
        "Tumblr",
        "Wayback Machine"
      ],
      "per_facet": [],
      "geo_facet": [],
      "multimedia": [
        {
          "url": "https:\/\/static01.nyt.com\/images\/2016\/06\/26\/magazine\/26ontech1\/26ontech1-thumbStandard-v2.jpg",
          "format": "Standard Thumbnail",
          "height": 75,
          "width": 75,
          "type": "image",
          "subtype": "photo",
          "caption": "",
          "copyright": "Illustration by Adam Ferriss"
        },
        {
          "url": "https:\/\/static01.nyt.com\/images\/2016\/06\/26\/magazine\/26ontech1\/26ontech1-thumbLarge-v2.jpg",
          "format": "thumbLarge",
          "height": 150,
          "width": 150,
          "type": "image",
          "subtype": "photo",
          "caption": "",
          "copyright": "Illustration by Adam Ferriss"
        },
        {
          "url": "https:\/\/static01.nyt.com\/images\/2016\/06\/26\/magazine\/26ontech1\/26ontech1-articleInline-v2.jpg",
          "format": "Normal",
          "height": 148,
          "width": 190,
          "type": "image",
          "subtype": "photo",
          "caption": "",
          "copyright": "Illustration by Adam Ferriss"
        },
        {
          "url": "https:\/\/static01.nyt.com\/images\/2016\/06\/26\/magazine\/26ontech1\/26ontech1-mediumThreeByTwo210-v2.jpg",
          "format": "mediumThreeByTwo210",
          "height": 140,
          "width": 210,
          "type": "image",
          "subtype": "photo",
          "caption": "",
          "copyright": "Illustration by Adam Ferriss"
        },
        {
          "url": "https:\/\/static01.nyt.com\/images\/2016\/06\/26\/magazine\/26ontech1\/26ontech1-superJumbo-v2.jpg",
          "format": "superJumbo",
          "height": 1600,
          "width": 2048,
          "type": "image",
          "subtype": "photo",
          "caption": "",
          "copyright": "Illustration by Adam Ferriss"
        }
      ],
      "short_url": "http:\/\/nyti.ms\/28JBUnM"
    },
    {
      "section": "U.S.",
      "subsection": "Politics",
      "title": "Chinese Curb Cyberattacks on U.S. Interests, Report Finds",
      "abstract": "FireEye, a security firm, reported a sharp decline in Chinese hacking even before the White House completed an agreement with China to curb cyberespionage.",
      "url": "http:\/\/www.nytimes.com\/2016\/06\/21\/us\/politics\/china-us-cyber-spying.html",
      "byline": "By DAVID E. SANGER",
      "item_type": "Article",
      "updated_date": "2016-06-20T21:44:47-04:00",
      "created_date": "2016-06-20T21:44:49-04:00",
      "published_date": "2016-06-21T00:00:00-04:00",
      "material_type_facet": "",
      "kicker": "",
      "des_facet": [
        "Intellectual Property",
        "Cyberwarfare and Defense",
        "Computer Security"
      ],
      "org_facet": [
        "FireEye Inc",
        "People's Liberation Army (China)"
      ],
      "per_facet": [
        "Xi Jinping",
        "Obama, Barack"
      ],
      "geo_facet": [
        "China"
      ],
      "multimedia": [
        {
          "url": "https:\/\/static01.nyt.com\/images\/2016\/06\/21\/us\/21chinacyber\/21chinacyber-thumbStandard.jpg",
          "format": "Standard Thumbnail",
          "height": 75,
          "width": 75,
          "type": "image",
          "subtype": "photo",
          "caption": "President Obama and President Xi Jinping of China during a state visit by Mr. Xi in September. The two leaders announced an agreement to crack down on cyberespionage.",
          "copyright": "Doug Mills\/The New York Times"
        },
        {
          "url": "https:\/\/static01.nyt.com\/images\/2016\/06\/21\/us\/21chinacyber\/21chinacyber-thumbLarge.jpg",
          "format": "thumbLarge",
          "height": 150,
          "width": 150,
          "type": "image",
          "subtype": "photo",
          "caption": "President Obama and President Xi Jinping of China during a state visit by Mr. Xi in September. The two leaders announced an agreement to crack down on cyberespionage.",
          "copyright": "Doug Mills\/The New York Times"
        },
        {
          "url": "https:\/\/static01.nyt.com\/images\/2016\/06\/21\/us\/21chinacyber\/21chinacyber-articleInline.jpg",
          "format": "Normal",
          "height": 127,
          "width": 190,
          "type": "image",
          "subtype": "photo",
          "caption": "President Obama and President Xi Jinping of China during a state visit by Mr. Xi in September. The two leaders announced an agreement to crack down on cyberespionage.",
          "copyright": "Doug Mills\/The New York Times"
        },
        {
          "url": "https:\/\/static01.nyt.com\/images\/2016\/06\/21\/us\/21chinacyber\/21chinacyber-mediumThreeByTwo210.jpg",
          "format": "mediumThreeByTwo210",
          "height": 140,
          "width": 210,
          "type": "image",
          "subtype": "photo",
          "caption": "President Obama and President Xi Jinping of China during a state visit by Mr. Xi in September. The two leaders announced an agreement to crack down on cyberespionage.",
          "copyright": "Doug Mills\/The New York Times"
        },
        {
          "url": "https:\/\/static01.nyt.com\/images\/2016\/06\/21\/us\/21chinacyber\/21chinacyber-superJumbo.jpg",
          "format": "superJumbo",
          "height": 1365,
          "width": 2048,
          "type": "image",
          "subtype": "photo",
          "caption": "President Obama and President Xi Jinping of China during a state visit by Mr. Xi in September. The two leaders announced an agreement to crack down on cyberespionage.",
          "copyright": "Doug Mills\/The New York Times"
        }
      ],
      "short_url": "http:\/\/nyti.ms\/28J9fyW"
    },
    {
      "section": "Arts",
      "subsection": "Art & Design",
      "title": "Hands Off My Smiley Face: Emoji Become Corporate Tools",
      "abstract": "Buying into new features that shape emoji could mean giving tech companies the power to control our creative expressions.",
      "url": "http:\/\/www.nytimes.com\/2016\/06\/21\/arts\/design\/hands-off-my-smiley-face-emoji-become-corporate-tools.html",
      "byline": "By AMANDA HESS",
      "item_type": "Article",
      "updated_date": "2016-06-20T17:48:27-04:00",
      "created_date": "2016-06-20T17:48:29-04:00",
      "published_date": "2016-06-21T00:00:00-04:00",
      "material_type_facet": "",
      "kicker": "",
      "des_facet": [
        "Emojis and Emoticons",
        "Worldwide Developers Conference",
        "Mobile Applications",
        "Text Messaging",
        "Science and Technology",
        "Celebrities"
      ],
      "org_facet": [
        "Unicode Consortium",
        "Apple Inc"
      ],
      "per_facet": [],
      "geo_facet": [],
      "multimedia": [
        {
          "url": "https:\/\/static01.nyt.com\/images\/2016\/06\/21\/arts\/21EMOJI\/21EMOJI-thumbStandard.jpg",
          "format": "Standard Thumbnail",
          "height": 75,
          "width": 75,
          "type": "image",
          "subtype": "photo",
          "caption": "",
          "copyright": "Emojipedia"
        },
        {
          "url": "https:\/\/static01.nyt.com\/images\/2016\/06\/21\/arts\/21EMOJI\/21EMOJI-thumbLarge.jpg",
          "format": "thumbLarge",
          "height": 150,
          "width": 150,
          "type": "image",
          "subtype": "photo",
          "caption": "",
          "copyright": "Emojipedia"
        },
        {
          "url": "https:\/\/static01.nyt.com\/images\/2016\/06\/21\/arts\/21EMOJI\/21EMOJI-articleInline.jpg",
          "format": "Normal",
          "height": 77,
          "width": 190,
          "type": "image",
          "subtype": "photo",
          "caption": "",
          "copyright": "Emojipedia"
        },
        {
          "url": "https:\/\/static01.nyt.com\/images\/2016\/06\/21\/arts\/21EMOJI\/21EMOJI-mediumThreeByTwo210-v2.jpg",
          "format": "mediumThreeByTwo210",
          "height": 140,
          "width": 210,
          "type": "image",
          "subtype": "photo",
          "caption": "",
          "copyright": "Emojipedia"
        },
        {
          "url": "https:\/\/static01.nyt.com\/images\/2016\/06\/21\/arts\/21EMOJI\/21EMOJI-superJumbo.jpg",
          "format": "superJumbo",
          "height": 811,
          "width": 2000,
          "type": "image",
          "subtype": "photo",
          "caption": "",
          "copyright": "Emojipedia"
        }
      ],
      "short_url": "http:\/\/nyti.ms\/28IVUqj"
    },
    {
      "section": "Business Day",
      "subsection": "DealBook",
      "title": "Why Uber Keeps Raising Billions",
      "abstract": "An unspoken strategy behind Uber\u2019s aggressive fund-raising may be an effort to starve its rivals of capital.",
      "url": "http:\/\/www.nytimes.com\/2016\/06\/21\/business\/dealbook\/why-uber-keeps-raising-billions.html",
      "byline": "By ANDREW ROSS SORKIN",
      "item_type": "Article",
      "updated_date": "2016-06-20T20:50:43-04:00",
      "created_date": "2016-06-20T20:50:45-04:00",
      "published_date": "2016-06-21T00:00:00-04:00",
      "material_type_facet": "",
      "kicker": "",
      "des_facet": [
        "Car Services and Livery Cabs",
        "Venture Capital"
      ],
      "org_facet": [
        "Uber Technologies Inc",
        "Didi Chuxing"
      ],
      "per_facet": [],
      "geo_facet": [
        "China",
        "India"
      ],
      "multimedia": [
        {
          "url": "https:\/\/static01.nyt.com\/images\/2016\/06\/21\/business\/21DB-SORKIN\/21DB-SORKIN-thumbStandard.jpg",
          "format": "Standard Thumbnail",
          "height": 75,
          "width": 75,
          "type": "image",
          "subtype": "photo",
          "caption": "Travis Kalanick, Uber&rsquo;s chief. Uber is on its way to amassing $15 billion in real cash since starting in 2009. Its valuation on paper is $68 billion.",
          "copyright": "Marlene Awaad\/Bloomberg"
        },
        {
          "url": "https:\/\/static01.nyt.com\/images\/2016\/06\/21\/business\/21DB-SORKIN\/21DB-SORKIN-thumbLarge.jpg",
          "format": "thumbLarge",
          "height": 150,
          "width": 150,
          "type": "image",
          "subtype": "photo",
          "caption": "Travis Kalanick, Uber&rsquo;s chief. Uber is on its way to amassing $15 billion in real cash since starting in 2009. Its valuation on paper is $68 billion.",
          "copyright": "Marlene Awaad\/Bloomberg"
        },
        {
          "url": "https:\/\/static01.nyt.com\/images\/2016\/06\/21\/business\/21DB-SORKIN\/21DB-SORKIN-articleInline.jpg",
          "format": "Normal",
          "height": 127,
          "width": 190,
          "type": "image",
          "subtype": "photo",
          "caption": "Travis Kalanick, Uber&rsquo;s chief. Uber is on its way to amassing $15 billion in real cash since starting in 2009. Its valuation on paper is $68 billion.",
          "copyright": "Marlene Awaad\/Bloomberg"
        },
        {
          "url": "https:\/\/static01.nyt.com\/images\/2016\/06\/21\/business\/21DB-SORKIN\/21DB-SORKIN-mediumThreeByTwo210.jpg",
          "format": "mediumThreeByTwo210",
          "height": 140,
          "width": 210,
          "type": "image",
          "subtype": "photo",
          "caption": "Travis Kalanick, Uber&rsquo;s chief. Uber is on its way to amassing $15 billion in real cash since starting in 2009. Its valuation on paper is $68 billion.",
          "copyright": "Marlene Awaad\/Bloomberg"
        },
        {
          "url": "https:\/\/static01.nyt.com\/images\/2016\/06\/21\/business\/21DB-SORKIN\/21DB-SORKIN-superJumbo.jpg",
          "format": "superJumbo",
          "height": 1365,
          "width": 2048,
          "type": "image",
          "subtype": "photo",
          "caption": "Travis Kalanick, Uber&rsquo;s chief. Uber is on its way to amassing $15 billion in real cash since starting in 2009. Its valuation on paper is $68 billion.",
          "copyright": "Marlene Awaad\/Bloomberg"
        }
      ],
      "short_url": "http:\/\/nyti.ms\/28J6nlF"
    }
  ]
}]